id,name,labels
0,Node0,A
1,Node1,
2,Node2,B
3,Node3,C
4,Node4,C
5,Node5,B
6,Node6,
7,Node7,A
8,Node8,A
9,Node9,C
10,Node10,C
11,Node11,A
12,Node12,
13,Node13,B
14,Node14,A
15,Node15,A
16,Node16,B
17,Node17,
18,Node18,A
19,Node19,B
20,Node20,A
21,Node21,A
22,Node22,C
23,Node23,C
24,Node24,C
25,Node25,C
26,Node26,A
27,Node27,A
28,Node28,A
29,Node29,A
30,Node30,A
31,Node31,C
32,Node32,B
33,Node33,B
34,Node34,B
35,Node35,A
36,Node36,C
37,Node37,C
38,Node38,C
39,Node39,A
40,Node40,A
41,Node41,A
42,Node42,A
43,Node43,C
44,Node44,
45,Node45,B
46,Node46,C
47,Node47,C
48,Node48,C
49,Node49,
50,Node50,
51,Node51,B
52,Node52,A
53,Node53,C
54,Node54,A
55,Node55,C
56,Node56,
57,Node57,B
58,Node58,B
59,Node59,A
60,Node60,A
61,Node61,A
62,Node62,B
63,Node63,C
64,Node64,B
65,Node65,A
66,Node66,C
67,Node67,B
68,Node68,A
69,Node69,C
70,Node70,C
71,Node71,A
72,Node72,B
73,Node73,C
74,Node74,A
75,Node75,C
76,Node76,A
77,Node77,C
78,Node78,C
79,Node79,A
80,Node80,A
81,Node81,C
82,Node82,A
83,Node83,C
84,Node84,A
85,Node85,A
86,Node86,A
87,Node87,A
88,Node88,A
89,Node89,B
90,Node90,A
91,Node91,C
92,Node92,B
93,Node93,C
94,Node94,B
95,Node95,C
96,Node96,B
97,Node97,B
98,Node98,A
99,Node99,A
100,Node100,C
101,Node101,C
102,Node102,B
103,Node103,C
104,Node104,
105,Node105,B
106,Node106,C
107,Node107,B
108,Node108,
109,Node109,A
110,Node110,A
111,Node111,C
112,Node112,A
113,Node113,
114,Node114,C
115,Node115,
116,Node116,B
117,Node117,A
118,Node118,B
119,Node119,B
120,Node120,B
121,Node121,
122,Node122,
123,Node123,B
124,Node124,A
125,Node125,B
126,Node126,B
127,Node127,B
128,Node128,C
129,Node129,A
130,Node130,B
131,Node131,
132,Node132,B
133,Node133,
134,Node134,B
135,Node135,C
136,Node136,B
137,Node137,B
138,Node138,
139,Node139,A
140,Node140,
141,Node141,A
142,Node142,B
143,Node143,A
144,Node144,B
145,Node145,
146,Node146,C
147,Node147,A
148,Node148,
149,Node149,C
150,Node150,C
151,Node151,B
152,Node152,A
153,Node153,B
154,Node154,C
155,Node155,A
156,Node156,
157,Node157,B
158,Node158,C
159,Node159,B
160,Node160,B
161,Node161,
162,Node162,C
163,Node163,A
164,Node164,A
165,Node165,
166,Node166,B
167,Node167,B
168,Node168,
169,Node169,C
170,Node170,
171,Node171,B
172,Node172,A
173,Node173,C
174,Node174,A
175,Node175,C
176,Node176,C
177,Node177,A
178,Node178,B
179,Node179,C
180,Node180,C
181,Node181,C
182,Node182,
183,Node183,B
184,Node184,C
185,Node185,
186,Node186,C
187,Node187,B
188,Node188,B
189,Node189,C
190,Node190,B
191,Node191,C
192,Node192,B
193,Node193,C
194,Node194,C
195,Node195,C
196,Node196,C
197,Node197,A
198,Node198,B
199,Node199,
200,Node200,A
201,Node201,A
202,Node202,C
203,Node203,B
204,Node204,C
205,Node205,C
206,Node206,A
207,Node207,B
208,Node208,B
209,Node209,C
210,Node210,A
211,Node211,B
212,Node212,A
213,Node213,A
214,Node214,B
215,Node215,A
216,Node216,B
217,Node217,
218,Node218,A
219,Node219,C
220,Node220,B
221,Node221,B
222,Node222,B
223,Node223,B
224,Node224,B
225,Node225,
226,Node226,A
227,Node227,B
228,Node228,B
229,Node229,
230,Node230,A
231,Node231,B
232,Node232,B
233,Node233,C
234,Node234,B
235,Node235,C
236,Node236,A
237,Node237,C
238,Node238,A
239,Node239,B
240,Node240,A
241,Node241,A
242,Node242,C
243,Node243,C
244,Node244,B
245,Node245,A
246,Node246,A
247,Node247,B
248,Node248,C
249,Node249,A
250,Node250,B
251,Node251,A
252,Node252,A
253,Node253,B
254,Node254,A
255,Node255,C
256,Node256,C
257,Node257,B
258,Node258,B
259,Node259,
260,Node260,
261,Node261,A
262,Node262,A
263,Node263,B
264,Node264,C
265,Node265,C
266,Node266,C
267,Node267,A
268,Node268,B
269,Node269,C
270,Node270,C
271,Node271,A
272,Node272,
273,Node273,B
274,Node274,C
275,Node275,B
276,Node276,C
277,Node277,C
278,Node278,B
279,Node279,A
280,Node280,A
281,Node281,C
282,Node282,C
283,Node283,B
284,Node284,
285,Node285,B
286,Node286,A
287,Node287,C
288,Node288,B
289,Node289,
290,Node290,C
291,Node291,C
292,Node292,C
293,Node293,C
294,Node294,B
295,Node295,
296,Node296,B
297,Node297,C
298,Node298,C
299,Node299,B
300,Node300,A
301,Node301,B
302,Node302,C
303,Node303,A
304,Node304,B
305,Node305,B
306,Node306,C
307,Node307,C
308,Node308,A
309,Node309,A
310,Node310,B
311,Node311,B
312,Node312,A
313,Node313,C
314,Node314,C
315,Node315,C
316,Node316,C
317,Node317,C
318,Node318,C
319,Node319,A
320,Node320,A
321,Node321,B
322,Node322,
323,Node323,A
324,Node324,
325,Node325,B
326,Node326,C
327,Node327,B
328,Node328,C
329,Node329,C
330,Node330,C
331,Node331,
332,Node332,A
333,Node333,A
334,Node334,B
335,Node335,B
336,Node336,A
337,Node337,C
338,Node338,C
339,Node339,B
340,Node340,
341,Node341,B
342,Node342,
343,Node343,
344,Node344,A
345,Node345,A
346,Node346,A
347,Node347,B
348,Node348,B
349,Node349,B
350,Node350,A
351,Node351,
352,Node352,A
353,Node353,A
354,Node354,B
355,Node355,B
356,Node356,
357,Node357,C
358,Node358,B
359,Node359,B
360,Node360,C
361,Node361,C
362,Node362,B
363,Node363,B
364,Node364,A
365,Node365,
366,Node366,C
367,Node367,B
368,Node368,C
369,Node369,C
370,Node370,A
371,Node371,A
372,Node372,A
373,Node373,A
374,Node374,B
375,Node375,C
376,Node376,C
377,Node377,A
378,Node378,A
379,Node379,C
380,Node380,B
381,Node381,C
382,Node382,B
383,Node383,A
384,Node384,A
385,Node385,B
386,Node386,C
387,Node387,C
388,Node388,C
389,Node389,B
390,Node390,A
391,Node391,
392,Node392,A
393,Node393,B
394,Node394,B
395,Node395,A
396,Node396,C
397,Node397,C
398,Node398,C
399,Node399,A
400,Node400,A
401,Node401,C
402,Node402,C
403,Node403,
404,Node404,A
405,Node405,A
406,Node406,C
407,Node407,B
408,Node408,B
409,Node409,B
410,Node410,B
411,Node411,B
412,Node412,C
413,Node413,B
414,Node414,A
415,Node415,C
416,Node416,
417,Node417,A
418,Node418,B
419,Node419,C
420,Node420,B
421,Node421,A
422,Node422,A
423,Node423,B
424,Node424,A
425,Node425,C
426,Node426,B
427,Node427,C
428,Node428,A
429,Node429,C
430,Node430,B
431,Node431,B
432,Node432,B
433,Node433,
434,Node434,A
435,Node435,B
436,Node436,A
437,Node437,B
438,Node438,C
439,Node439,B
440,Node440,C
441,Node441,C
442,Node442,B
443,Node443,C
444,Node444,B
445,Node445,B
446,Node446,A
447,Node447,C
448,Node448,B
449,Node449,C
450,Node450,A
451,Node451,
452,Node452,A
453,Node453,C
454,Node454,C
455,Node455,B
456,Node456,B
457,Node457,A
458,Node458,A
459,Node459,B
460,Node460,A
461,Node461,B
462,Node462,C
463,Node463,B
464,Node464,C
465,Node465,B
466,Node466,A
467,Node467,
468,Node468,A
469,Node469,
470,Node470,A
471,Node471,
472,Node472,
473,Node473,A
474,Node474,A
475,Node475,B
476,Node476,B
477,Node477,B
478,Node478,B
479,Node479,A
480,Node480,A
481,Node481,A
482,Node482,
483,Node483,C
484,Node484,B
485,Node485,A
486,Node486,A
487,Node487,B
488,Node488,A
489,Node489,B
490,Node490,B
491,Node491,
492,Node492,A
493,Node493,A
494,Node494,C
495,Node495,C
496,Node496,
497,Node497,A
498,Node498,C
499,Node499,C
500,Node500,C
501,Node501,C
502,Node502,B
503,Node503,B
504,Node504,C
505,Node505,C
506,Node506,C
507,Node507,B
508,Node508,A
509,Node509,C
510,Node510,C
511,Node511,A
512,Node512,
513,Node513,B
514,Node514,
515,Node515,A
516,Node516,B
517,Node517,
518,Node518,A
519,Node519,A
520,Node520,B
521,Node521,
522,Node522,B
523,Node523,
524,Node524,
525,Node525,C
526,Node526,B
527,Node527,A
528,Node528,C
529,Node529,C
530,Node530,C
531,Node531,C
532,Node532,A
533,Node533,C
534,Node534,A
535,Node535,
536,Node536,A
537,Node537,B
538,Node538,A
539,Node539,A
540,Node540,C
541,Node541,B
542,Node542,C
543,Node543,A
544,Node544,B
545,Node545,A
546,Node546,A
547,Node547,C
548,Node548,C
549,Node549,A
550,Node550,A
551,Node551,A
552,Node552,C
553,Node553,B
554,Node554,A
555,Node555,B
556,Node556,B
557,Node557,C
558,Node558,C
559,Node559,C
560,Node560,A
561,Node561,A
562,Node562,C
563,Node563,B
564,Node564,C
565,Node565,
566,Node566,B
567,Node567,C
568,Node568,C
569,Node569,A
570,Node570,A
571,Node571,A
572,Node572,A
573,Node573,A
574,Node574,
575,Node575,C
576,Node576,B
577,Node577,A
578,Node578,B
579,Node579,C
580,Node580,A
581,Node581,C
582,Node582,C
583,Node583,A
584,Node584,B
585,Node585,B
586,Node586,C
587,Node587,A
588,Node588,C
589,Node589,C
590,Node590,A
591,Node591,A
592,Node592,A
593,Node593,A
594,Node594,A
595,Node595,A
596,Node596,C
597,Node597,
598,Node598,C
599,Node599,C
600,Node600,C
601,Node601,
602,Node602,C
603,Node603,B
604,Node604,C
605,Node605,B
606,Node606,B
607,Node607,B
608,Node608,C
609,Node609,A
610,Node610,C
611,Node611,C
612,Node612,B
613,Node613,
614,Node614,A
615,Node615,B
616,Node616,B
617,Node617,
618,Node618,C
619,Node619,C
620,Node620,B
621,Node621,A
622,Node622,A
623,Node623,B
624,Node624,A
625,Node625,B
626,Node626,C
627,Node627,B
628,Node628,C
629,Node629,A
630,Node630,A
631,Node631,C
632,Node632,C
633,Node633,C
634,Node634,A
635,Node635,C
636,Node636,C
637,Node637,C
638,Node638,B
639,Node639,C
640,Node640,
641,Node641,B
642,Node642,C
643,Node643,A
644,Node644,A
645,Node645,A
646,Node646,A
647,Node647,A
648,Node648,A
649,Node649,C
650,Node650,A
651,Node651,B
652,Node652,C
653,Node653,B
654,Node654,A
655,Node655,A
656,Node656,A
657,Node657,A
658,Node658,B
659,Node659,B
660,Node660,B
661,Node661,B
662,Node662,
663,Node663,A
664,Node664,C
665,Node665,B
666,Node666,A
667,Node667,
668,Node668,B
669,Node669,
670,Node670,C
671,Node671,B
672,Node672,B
673,Node673,B
674,Node674,B
675,Node675,C
676,Node676,B
677,Node677,A
678,Node678,
679,Node679,C
680,Node680,
681,Node681,A
682,Node682,B
683,Node683,
684,Node684,C
685,Node685,B
686,Node686,B
687,Node687,A
688,Node688,C
689,Node689,B
690,Node690,C
691,Node691,C
692,Node692,C
693,Node693,C
694,Node694,A
695,Node695,C
696,Node696,C
697,Node697,B
698,Node698,C
699,Node699,B
700,Node700,B
701,Node701,A
702,Node702,A
703,Node703,C
704,Node704,A
705,Node705,A
706,Node706,A
707,Node707,B
708,Node708,B
709,Node709,A
710,Node710,B
711,Node711,
712,Node712,A
713,Node713,C
714,Node714,A
715,Node715,B
716,Node716,C
717,Node717,B
718,Node718,
719,Node719,
720,Node720,C
721,Node721,C
722,Node722,B
723,Node723,A
724,Node724,C
725,Node725,B
726,Node726,A
727,Node727,C
728,Node728,C
729,Node729,C
730,Node730,A
731,Node731,A
732,Node732,B
733,Node733,A
734,Node734,A
735,Node735,C
736,Node736,A
737,Node737,A
738,Node738,A
739,Node739,B
740,Node740,A
741,Node741,C
742,Node742,
743,Node743,B
744,Node744,C
745,Node745,B
746,Node746,B
747,Node747,B
748,Node748,A
749,Node749,
750,Node750,A
751,Node751,A
752,Node752,B
753,Node753,B
754,Node754,B
755,Node755,
756,Node756,C
757,Node757,A
758,Node758,B
759,Node759,A
760,Node760,B
761,Node761,A
762,Node762,A
763,Node763,C
764,Node764,B
765,Node765,C
766,Node766,C
767,Node767,A
768,Node768,A
769,Node769,C
770,Node770,A
771,Node771,B
772,Node772,B
773,Node773,C
774,Node774,A
775,Node775,C
776,Node776,B
777,Node777,B
778,Node778,B
779,Node779,A
780,Node780,B
781,Node781,A
782,Node782,B
783,Node783,C
784,Node784,A
785,Node785,A
786,Node786,B
787,Node787,B
788,Node788,B
789,Node789,C
790,Node790,C
791,Node791,B
792,Node792,C
793,Node793,C
794,Node794,C
795,Node795,A
796,Node796,B
797,Node797,A
798,Node798,C
799,Node799,A
800,Node800,A
801,Node801,A
802,Node802,
803,Node803,B
804,Node804,C
805,Node805,C
806,Node806,A
807,Node807,B
808,Node808,B
809,Node809,A
810,Node810,
811,Node811,A
812,Node812,B
813,Node813,
814,Node814,A
815,Node815,C
816,Node816,A
817,Node817,B
818,Node818,C
819,Node819,A
820,Node820,B
821,Node821,A
822,Node822,B
823,Node823,B
824,Node824,A
825,Node825,C
826,Node826,B
827,Node827,A
828,Node828,B
829,Node829,C
830,Node830,C
831,Node831,C
832,Node832,A
833,Node833,B
834,Node834,B
835,Node835,C
836,Node836,B
837,Node837,C
838,Node838,
839,Node839,B
840,Node840,B
841,Node841,B
842,Node842,A
843,Node843,B
844,Node844,B
845,Node845,A
846,Node846,A
847,Node847,C
848,Node848,A
849,Node849,
850,Node850,C
851,Node851,A
852,Node852,C
853,Node853,B
854,Node854,A
855,Node855,A
856,Node856,B
857,Node857,C
858,Node858,C
859,Node859,A
860,Node860,A
861,Node861,C
862,Node862,A
863,Node863,A
864,Node864,C
865,Node865,C
866,Node866,A
867,Node867,B
868,Node868,A
869,Node869,A
870,Node870,C
871,Node871,C
872,Node872,B
873,Node873,C
874,Node874,B
875,Node875,B
876,Node876,B
877,Node877,B
878,Node878,A
879,Node879,B
880,Node880,A
881,Node881,C
882,Node882,A
883,Node883,B
884,Node884,A
885,Node885,C
886,Node886,A
887,Node887,B
888,Node888,A
889,Node889,C
890,Node890,C
891,Node891,C
892,Node892,B
893,Node893,C
894,Node894,B
895,Node895,B
896,Node896,
897,Node897,B
898,Node898,A
899,Node899,C
900,Node900,C
901,Node901,A
902,Node902,C
903,Node903,A
904,Node904,A
905,Node905,A
906,Node906,
907,Node907,C
908,Node908,C
909,Node909,B
910,Node910,C
911,Node911,
912,Node912,A
913,Node913,C
914,Node914,C
915,Node915,C
916,Node916,B
917,Node917,A
918,Node918,A
919,Node919,C
920,Node920,B
921,Node921,C
922,Node922,C
923,Node923,B
924,Node924,A
925,Node925,A
926,Node926,
927,Node927,
928,Node928,B
929,Node929,C
930,Node930,C
931,Node931,C
932,Node932,B
933,Node933,A
934,Node934,C
935,Node935,A
936,Node936,B
937,Node937,C
938,Node938,B
939,Node939,B
940,Node940,
941,Node941,B
942,Node942,B
943,Node943,A
944,Node944,B
945,Node945,B
946,Node946,B
947,Node947,A
948,Node948,B
949,Node949,A
950,Node950,C
951,Node951,A
952,Node952,A
953,Node953,B
954,Node954,
955,Node955,B
956,Node956,
957,Node957,C
958,Node958,A
959,Node959,C
960,Node960,B
961,Node961,B
962,Node962,A
963,Node963,B
964,Node964,C
965,Node965,A
966,Node966,B
967,Node967,A
968,Node968,C
969,Node969,C
970,Node970,B
971,Node971,C
972,Node972,C
973,Node973,C
974,Node974,B
975,Node975,
976,Node976,C
977,Node977,B
978,Node978,A
979,Node979,C
980,Node980,C
981,Node981,A
982,Node982,B
983,Node983,B
984,Node984,C
985,Node985,B
986,Node986,B
987,Node987,A
988,Node988,
989,Node989,C
990,Node990,A
991,Node991,
992,Node992,B
993,Node993,C
994,Node994,B
995,Node995,B
996,Node996,A
997,Node997,B
998,Node998,C
999,Node999,C
